净值日期,单位净值,日增长率,MA5,MA10,MA20,BB_Middle,BB_Std,BB_Upper,BB_Lower,EMA5,EMA10,EMA20,EMA60,MACD_DIF,MACD_DEA,MACD_BAR,RSI
2025-01-27,0.821,-1.56,,,,,,,,0.821,0.821,0.821,0.821,0.0,0.0,0.0,
2025-02-05,0.823,0.24,,,,,,,,0.8216666666666667,0.8213636363636363,0.8211904761904761,0.8210655737704917,0.00015954415954400059,3.190883190880012e-05,0.0002552706552704009,
2025-02-06,0.846,2.79,,,,,,,,0.8297777777777777,0.8258429752066115,0.8235532879818593,0.821883095941951,0.0021174828126393486,0.00044902362805490984,0.0033369183691688772,
2025-02-07,0.853,0.83,,,,,,,,0.8375185185185186,0.8307806160781366,0.8263577367454917,0.82290332230451,0.0041857540330115794,0.0011963697090462437,0.0059787686479306715,
2025-02-10,0.856,0.35,0.8398,,,,,,,0.8436790123456791,0.8353659586093845,0.8291808094363973,0.8239884592781326,0.0059978097864882285,0.002156657724534641,0.007682304123907175,
2025-02-11,0.85,-0.7,0.8455999999999999,,,,,,,0.8457860082304528,0.8380266934076781,0.8311635894900737,0.8248412966788495,0.006870528000334719,0.0030994317796946566,0.007542192441280125,
2025-02-12,0.858,0.94,0.8526,,,,,,,0.8498573388203019,0.8416582036971911,0.8337194381100668,0.8259284672795429,0.008114161609469872,0.0041023777456497,0.008023567727640344,
2025-02-13,0.846,-1.4,0.8526,,,,,,,0.8485715592135346,0.8424476212067927,0.8348890154329175,0.8265865503195579,0.008038784390308473,0.004889659074581455,0.006298250631454037,
2025-02-14,0.85,0.47,0.852,,,,,,,0.8490477061423565,0.8438207809873758,0.8363281568202587,0.8273542044074411,0.008207206405035805,0.005553168540672325,0.00530807572872696,
2025-02-17,0.858,0.94,0.8523999999999999,0.8461000000000001,,,,,,0.8520318040949044,0.8463988208078529,0.838392141884996,0.8283589845908036,0.00888380819543444,0.006219296471624749,0.005329023447619381,
2025-02-18,0.848,-1.17,0.852,0.8488,,,,,,0.850687869396603,0.8466899442973341,0.8393071759911868,0.8290029523091379,0.008514948536112343,0.006678426884522267,0.003673043303180152,
2025-02-19,0.866,2.12,0.8535999999999999,0.8530999999999999,,,,,,0.8557919129310687,0.8502008635160005,0.8418493497063119,0.8302159702662153,0.00956481691087574,0.0072557048897929615,0.004618224042165556,
2025-02-20,0.877,1.27,0.8598000000000001,0.8562,,,,,,0.8628612752873792,0.8550734337858186,0.8451970306866632,0.8317498728804378,0.011155855473315657,0.008035735006497501,0.006240240933636312,
2025-02-21,0.896,2.17,0.869,0.8605,,,,,,0.8739075168582529,0.8625146276429424,0.8500354087165048,0.8338564344253415,0.013790932917126741,0.00918677458862335,0.009208316657006783,78.62595419847328
2025-02-24,0.892,-0.45,0.8757999999999999,0.8641,,,,,,0.8799383445721687,0.8678756044351347,0.85403203645779,0.8357627808376253,0.015379202334162567,0.010425260137731193,0.009907884392862748,76.2962962962963
2025-02-25,0.889,-0.34,0.884,0.868,,,,,,0.8829588963814459,0.8717164036287466,0.8573623186999053,0.837508263433113,0.016208995155667316,0.011582007141318419,0.009253976028697795,74.26470588235294
2025-02-26,0.901,1.35,0.891,0.8722999999999999,,,,,,0.8889725975876307,0.8770406938780654,0.8615182883475333,0.8395899597139946,0.017631664800371483,0.012791938673129031,0.009679452254484903,72.0
2025-02-27,0.895,-0.67,0.8946,0.8772,,,,,,0.8909817317250872,0.8803060222638717,0.8647070227906254,0.8414066823463227,0.018066728883255,0.013846896715154227,0.008439664336201549,66.93548387096774
2025-02-28,0.865,-3.35,0.8884000000000001,0.8787,,,,,,0.8823211544833915,0.8775231091249858,0.8647349253819944,0.8421802337448039,0.015808540015049832,0.01423922537513335,0.0031386292798329662,52.98013245033113
2025-03-03,0.865,0.0,0.883,0.8794000000000001,0.8627499999999999,0.8627499999999999,0.022929812816276415,0.9086096256325528,0.816890374367447,0.8765474363222611,0.8752461801931701,0.8647601705837091,0.8429284228023514,0.013859149420130779,0.014163210184132836,-0.0006081215280041158,55.17241379310345
2025-03-04,0.876,1.27,0.8804000000000001,0.8821999999999999,0.8654999999999999,0.8654999999999999,0.02086422271434247,0.9072284454286849,0.823771554571315,0.876364957548174,0.8753832383398665,0.8658306305281178,0.8440127368088316,0.013051402949238233,0.013940848737153917,-0.0017788915758313664,56.08108108108108
2025-03-05,0.88,0.46,0.8762000000000001,0.8836,0.8683500000000001,0.8683500000000001,0.01851393500781732,0.9053778700156347,0.8313221299843654,0.8775766383654494,0.8762226495507999,0.8671800942873447,0.8451926470773945,0.012588907532450788,0.013670460496213292,-0.0021631059275250067,62.142857142857146
2025-03-06,0.9,2.27,0.8772,0.8859,0.8710500000000001,0.8710500000000001,0.019013776169149715,0.9090775523382996,0.8330224476617006,0.885051092243633,0.880545804177927,0.8703057995933119,0.8469896094682995,0.013678531835167762,0.013672074764004186,1.2914142327152822e-05,66.02564102564102
2025-03-07,0.9,0.0,0.8842000000000001,0.8863,0.8734,0.8734,0.01956204703528048,0.9125240940705609,0.834275905929439,0.8900340614957554,0.8840829306910312,0.8731338186796632,0.8487276550595028,0.014376345384758848,0.01381292888815512,0.0011268329932074585,64.1891891891892
2025-03-10,0.902,0.22,0.8916000000000001,0.8873,0.8757000000000001,0.8757000000000001,0.02010524937998976,0.9159104987599797,0.8354895012400206,0.894022707663837,0.8873405796562982,0.8758829788054097,0.8504742893198469,0.014918776565951197,0.014034098423714336,0.001769356284473722,69.28571428571428
2025-03-11,0.902,0.0,0.8968,0.8886,0.8783,0.8783,0.01996865965509585,0.9182373193101917,0.8383626806898082,0.8966818051092247,0.8900059288096985,0.8783703141572754,0.8521636568831307,0.015173743712857402,0.01426202748154295,0.0018234324626289038,64.75409836065573
2025-03-12,0.898,-0.44,0.9004000000000001,0.8882999999999999,0.8803000000000001,0.8803000000000001,0.019831129171343886,0.9199622583426879,0.8406377416573123,0.8971212034061499,0.8914593962988442,0.8802398080470587,0.8536664878049952,0.014881495822680169,0.014385921149770395,0.0009911493458195468,59.130434782608695
2025-03-13,0.888,-1.11,0.898,0.8876000000000002,0.8824,0.8824,0.018161265896059355,0.9187225317921187,0.8460774682078812,0.8940808022707667,0.8908304151535997,0.8809788739473388,0.8547921767294215,0.013685216184248672,0.014245780156666051,-0.0011211279448347586,46.22641509433962
2025-03-14,0.898,1.13,0.8976,0.8909,0.8848,0.8848,0.01677278497416198,0.918345569948324,0.8512544300516761,0.8953872015138445,0.8921339760347633,0.8825999335714018,0.8562088266727191,0.013389723975400614,0.014074568920412965,-0.0013696898900247036,52.67857142857143
2025-03-17,0.896,-0.22,0.8964000000000001,0.8939999999999999,0.8867,0.8867,0.01569478626135041,0.9180895725227008,0.8553104274772992,0.8955914676758964,0.8928368894829881,0.8838761303741255,0.8575134553064004,0.01284607937900506,0.013828871012131386,-0.001965583266252652,53.153153153153156
2025-03-18,0.9,0.45,0.8960000000000001,0.8964000000000001,0.8892999999999999,0.8892999999999999,0.013026693242803599,0.915353386485607,0.8632466135143927,0.8970609784505976,0.894139273213354,0.8854117370051612,0.8589064567717642,0.012592841255002929,0.013581665060705695,-0.001977647611405533,49.51456310679612
2025-03-19,0.891,-1.0,0.8946,0.8975,0.89055,0.89055,0.011816469327528459,0.9141829386550568,0.8669170613449431,0.8950406523003984,0.8935684962654714,0.8859439525284791,0.8599587040907228,0.011532978436995411,0.013171927735963639,-0.003277898597936455,48.11320754716981
2025-03-20,0.887,-0.45,0.8944000000000001,0.8962,0.8910500000000001,0.8910500000000001,0.011417783912549934,0.9138855678251,0.8682144321749002,0.8923604348669323,0.8923742242172039,0.8860445284781477,0.8608453039566007,0.010252083312493832,0.01258795885126968,-0.004671751077551696,63.75
2025-03-21,0.871,-1.8,0.889,0.8933000000000002,0.8897999999999999,0.8897999999999999,0.012189728203869444,0.9141794564077388,0.8654205435922611,0.8852402899112882,0.8884880016322577,0.8846117162421336,0.8611782448104827,0.00785534686665934,0.011641436454347613,-0.007572179175376545,53.125
2025-03-24,0.87,-0.11,0.8838000000000001,0.8901,0.8887,0.8887,0.012949700260705063,0.9145994005214102,0.8628005994785899,0.8801601932741923,0.885126546790029,0.8832201242190733,0.8614674826855487,0.005808270199790133,0.010474803203436116,-0.009333066007291967,46.51162790697675
2025-03-25,0.867,-0.34,0.8772,0.8865999999999999,0.8876000000000002,0.8876000000000002,0.013827508813954864,0.91525501762791,0.8599449823720904,0.8757734621827948,0.8818308110100237,0.8816753504839234,0.8616488766958585,0.003898927851675671,0.009159628133084028,-0.010521400562816714,42.35294117647059
2025-03-26,0.868,0.12,0.8725999999999999,0.8836,0.88595,0.88595,0.014110373190633426,0.9141707463812668,0.8577292536187332,0.8731823081218633,0.8793161180991103,0.8803729361521212,0.861857110246814,0.0024383442131052924,0.00781537134908828,-0.010754054271965977,25.75757575757575
2025-03-27,0.873,0.58,0.8698,0.8821,0.8848500000000001,0.8848500000000001,0.01422479303336622,0.9132995860667326,0.8564004139332677,0.873121538747909,0.878167732990181,0.8796707517566811,0.8622224508944594,0.0016650853029649415,0.006585314139863614,-0.009840457673797345,30.985915492957744
2025-03-28,0.867,-0.69,0.869,0.8790000000000001,0.8849499999999999,0.8849499999999999,0.014084239044892808,0.9131184780897855,0.8567815219102143,0.8710810258319395,0.8761372360828754,0.8784640134941399,0.8623790918487394,0.0005616478627925581,0.005380580884449403,-0.00963786604331369,26.66666666666667
2025-03-31,0.861,-0.69,0.8672000000000001,0.8755,0.88475,0.88475,0.014407143695878205,0.9135642873917564,0.8559357126082436,0.8677206838879596,0.8733850113405344,0.8768007741137456,0.8623338757225512,-0.0007879016742404765,0.004146884372711427,-0.009869572093903807,24.691358024691354
2025-04-01,0.869,0.93,0.8676,0.8724000000000001,0.8844,0.8844,0.014712686970595672,0.9138253739411913,0.8549746260588086,0.8681471225919731,0.8725877365513462,0.8760578432457697,0.8625524371742708,-0.0011980854804715113,0.0030778904020748394,-0.008551951765092701,32.94117647058823
2025-04-02,0.867,-0.23,0.8674,0.8699999999999999,0.88375,0.88375,0.015196519684661836,0.9141430393693237,0.8533569606306763,0.8677647483946489,0.8715717844511015,0.8751951915080773,0.8626982589062618,-0.001665345323182632,0.0021292432570233456,-0.007589177160411955,36.36363636363636
2025-04-03,0.858,-1.04,0.8644000000000001,0.8671,0.8816499999999999,0.8816499999999999,0.015725524005996014,0.913101048011992,0.8501989519880079,0.8645098322630993,0.869104187278174,0.8735575542215939,0.8625442176306466,-0.0027304025182051106,0.0011573141019776544,-0.0077754332403655296,23.68421052631578
2025-04-07,0.793,-7.58,0.8496,0.8593,0.8763,0.8763,0.024760112235099746,0.9258202244701994,0.8267797755298005,0.8406732215087329,0.8552670623185059,0.8658854062004897,0.8602640793476746,-0.00871891852549378,-0.0008179324235166323,-0.015801972203954295,12.949640287769796
2025-04-08,0.793,0.0,0.8360000000000001,0.8516,0.8708499999999999,0.8708499999999999,0.03020330236388415,0.9312566047277682,0.8104433952722316,0.8247821476724887,0.8439457782605957,0.8589439389433002,0.8580586996969312,-0.01331141490128418,-0.003316628919070142,-0.019989571964428077,10.370370370370381
2025-04-09,0.81,2.14,0.8242,0.8459,0.8662500000000002,0.8662500000000002,0.03215239206947863,0.9305547841389574,0.801945215861043,0.8198547651149926,0.8377738185768511,0.8542826114248907,0.8564830046249007,-0.015401702205378731,-0.00573364357633186,-0.01933611725809374,21.678321678321694
2025-04-10,0.825,1.85,0.8158,0.8416,0.8625999999999999,0.8625999999999999,0.03250004048580472,0.9276000809716094,0.7975999190283904,0.8215698434099952,0.8354513061083326,0.8514937912891868,0.8554507749650678,-0.015667292518212084,-0.007720373364707905,-0.015893838307008357,29.870129870129844
2025-04-11,0.835,1.21,0.8112,0.8378,0.8599500000000001,0.8599500000000001,0.03248072302799078,0.9249114460559816,0.7949885539440186,0.8260465622733302,0.8353692504522722,0.84992295402355,0.8547802577530984,-0.014899110654839731,-0.009156120822734272,-0.01148597966421092,37.837837837837824
2025-04-14,0.838,0.36,0.8202,0.8349,0.85695,0.85695,0.031538572874297365,0.9200271457485947,0.7938728542514053,0.8300310415155535,0.835847568551859,0.8487874345927356,0.8542300853677509,-0.013888152093453066,-0.010102527076878032,-0.007571250033150068,39.333333333333314
2025-04-15,0.831,-0.84,0.8278000000000001,0.8318999999999999,0.8536999999999999,0.8536999999999999,0.03063898445479303,0.9149779689095859,0.7924220310904139,0.8303540276770358,0.8349661924515209,0.8470933932029513,0.853468443224546,-0.013496225561387187,-0.010781266773779864,-0.005429917575214646,38.3116883116883
2025-04-16,0.827,-0.48,0.8311999999999999,0.8276999999999999,0.8500500000000001,0.8500500000000001,0.029144783770901905,0.9083395675418039,0.7917604324581963,0.8292360184513572,0.8335177938239716,0.8451797367074321,0.852600625413905,-0.013354445793399505,-0.011295902577703793,-0.004117086431391425,36.94267515923564
2025-04-17,0.828,0.12,0.8318,0.8238,0.8469,0.8469,0.027862255169994573,0.9026245103399891,0.7911754896600108,0.8288240123009047,0.8325145585832494,0.8435435713067243,0.8517940475314819,-0.013011405282373323,-0.011639003118637699,-0.002744804327471248,35.2941176470588
2025-04-18,0.825,-0.36,0.8298,0.8205,0.8437999999999999,0.8437999999999999,0.026585710447531656,0.8969714208950632,0.7906285791049366,0.8275493415339366,0.8311482752044768,0.84177751689656,0.8509155541697939,-0.012833679465673264,-0.011877938388044813,-0.0019114821552569036,35.999999999999986
2025-04-21,0.837,1.45,0.8295999999999999,0.8249000000000001,0.8421,0.8421,0.025831233644155304,0.8937624672883105,0.7904375327116894,0.8306995610226244,0.8322122251672991,0.8413225152873638,0.8504593064920958,-0.011590917877481788,-0.011820534285932209,0.0004592328169008425,42.30769230769229
2025-04-22,0.835,-0.24,0.8304,0.8291000000000001,0.8403499999999999,0.8403499999999999,0.02501425909146081,0.8903785181829216,0.7903214818170783,0.8321330406817496,0.8327190933186992,0.8407203709742815,0.8499524439841583,-0.010644698195822033,-0.011585367067910175,0.0018813377441762834,38.66666666666665
2025-04-23,0.837,0.24,0.8324,0.8318,0.8388500000000001,0.8388500000000001,0.02421890301309882,0.8872878060261977,0.7904121939738025,0.8337553604544998,0.8334974399880266,0.8403660499291119,0.8495277736895956,-0.009622506727902547,-0.01119279499990865,0.003140576544012206,39.99999999999998
2025-04-24,0.83,-0.84,0.8328,0.8323,0.8369500000000001,0.8369500000000001,0.02328422777671372,0.8835184555534276,0.7903815444465726,0.8325035736363332,0.8328615418083853,0.8393788070787203,0.848887518814527,-0.009270390828787223,-0.010808314165684365,0.0030758466737942844,40.540540540540526
2025-04-25,0.832,0.24,0.8342,0.8320000000000001,0.8349,0.8349,0.021693802170932842,0.8782876043418657,0.7915123956581342,0.8323357157575555,0.8327048978432243,0.8386760635474135,0.848333829673067,-0.008729326909779012,-0.010392516714503296,0.003326379609448569,72.9411764705882
2025-04-28,0.83,-0.24,0.8328,0.8311999999999999,0.8330499999999998,0.8330499999999998,0.020348218595247866,0.8737464371904956,0.7923535628095041,0.8315571438383703,0.8322130982353653,0.8378497717809932,0.8477327205034583,-0.00836548108252455,-0.009987109588107548,0.0032432570111659946,71.26436781609192
2025-04-29,0.833,0.36,0.8324,0.8314,0.83165,0.83165,0.019258012686452605,0.8701660253729052,0.7931339746270948,0.8320380958922469,0.8323561712834806,0.837387888754232,0.8472496804869514,-0.007745767330886055,-0.00953884113666325,0.0035861476115543883,65.7534246575342
2025-04-30,0.839,0.72,0.8328,0.8325999999999999,0.83015,0.83015,0.017260465932602057,0.8646709318652042,0.795629068134796,0.8343587305948312,0.8335641401410295,0.8375414231585908,0.8469791991595103,-0.006693333282384306,-0.00896973956580746,0.004552812566846309,60.93749999999999
2025-05-06,0.852,1.55,0.8371999999999999,0.835,0.8294,0.8294,0.01584264730669089,0.8610852946133818,0.7977147053866183,0.8402391537298874,0.8369161146608423,0.8389184304768204,0.8471438155805099,-0.0047554623522774175,-0.008126884123101454,0.006742843541648072,62.6865671641791
2025-05-07,0.852,0.0,0.8412,0.8376999999999999,0.8291000000000001,0.8291000000000001,0.015320780521548609,0.8597415610430973,0.7984584389569028,0.8441594358199249,0.8396586392679618,0.8401642942409328,0.8473030347418046,-0.0031829941038771237,-0.007138106119256588,0.007910224030758929,60.93749999999999
2025-05-08,0.856,0.47,0.8464,0.8396000000000001,0.8322499999999999,0.8322499999999999,0.013920356166042057,0.860090712332084,0.8044092876679159,0.8481062905466167,0.842629795764696,0.8416724566941773,0.8475881811437126,-0.001595641554801408,-0.006029613206365553,0.00886794330312829,70.49180327868852
2025-05-09,0.841,-1.75,0.8479999999999999,0.8402,0.8346499999999999,0.8346499999999999,0.010519530707963286,0.8556890614159265,0.8136109385840733,0.8457375270310779,0.8423334692620239,0.8416084131994938,0.8473721752045745,-0.0015303865200005928,-0.005129767869092561,0.007198762698183937,59.722222222222214
2025-05-12,0.851,1.19,0.8503999999999999,0.8415999999999999,0.8366999999999999,0.8366999999999999,0.009398208115884018,0.855496416231768,0.8179035837682318,0.8474916846873852,0.8439092021234741,0.8425028500376373,0.8474911202798343,-0.0006640996805412636,-0.004236634231382302,0.007145069101682076,64.19753086419753
2025-05-13,0.846,-0.59,0.8492,0.8431999999999998,0.83775,0.83775,0.009193103822688613,0.8561362076453772,0.8193637923546228,0.8469944564582568,0.8442893471919334,0.8428359119388146,0.8474422310903315,-0.0003766772316140532,-0.003464642831428652,0.006175931199629198,62.65060240963856
2025-05-14,0.846,0.0,0.8480000000000001,0.8446,0.8382999999999999,0.8382999999999999,0.009347670692125205,0.8569953413842504,0.8196046586157495,0.8466629709721711,0.8446003749752182,0.8431372536589274,0.8473949448250746,-0.00014719608522817396,-0.0028011534821885567,0.0053079147939207654,56.33802816901408
2025-05-15,0.831,-1.77,0.843,0.8446999999999999,0.83795,0.83795,0.009489467845985637,0.8569289356919713,0.8189710643080287,0.8414419806481142,0.8421275795251785,0.8419813247390296,0.846857405650482,-0.0011623069125871188,-0.002473384168268269,0.0026221545113623004,47.61904761904762
2025-05-16,0.833,0.24,0.8413999999999999,0.8446999999999999,0.83805,0.83805,0.0094226770137397,0.8568953540274794,0.8192046459725205,0.8386279870987428,0.8404680196115095,0.8411259604781697,0.8464030644816136,-0.0017848318410011998,-0.0023356737028148553,0.0011016837236273109,47.61904761904762
2025-05-19,0.832,-0.12,0.8375999999999999,0.844,0.8382999999999999,0.8382999999999999,0.009177202876234915,0.8566544057524698,0.8199455942475301,0.8364186580658286,0.8389283796821441,0.8402568213850107,0.8459308328592656,-0.0023319971627956404,-0.0023349383948110124,5.882464030743974e-06,51.28205128205128
2025-05-20,0.834,0.24,0.8351999999999998,0.8422000000000001,0.8385999999999999,0.8385999999999999,0.008917162635820867,0.8564343252716416,0.8207656747283582,0.8356124387105524,0.8380323106490268,0.8396609336340572,0.8455396580114207,-0.002574568316192516,-0.0023828643790873134,-0.0003834078742104051,51.28205128205128
2025-05-21,0.834,0.0,0.8328,0.8404,0.83905,0.83905,0.008407233727413806,0.8558644674548276,0.8222355325451723,0.8350749591403683,0.8372991632582947,0.8391217970974804,0.8451613085684233,-0.0027352771307777024,-0.002453346929425391,-0.0005638604027046225,52.631578947368425
2025-05-22,0.828,-0.72,0.8321999999999999,0.8375999999999999,0.8385999999999999,0.8385999999999999,0.00875635107853277,0.8561127021570655,0.8210872978429343,0.8327166394269123,0.8356084063022411,0.8380625783262917,0.844598642713721,-0.003308649824475096,-0.002624407508435332,-0.0013684846320795281,46.835443037974684
2025-05-23,0.819,-1.09,0.8293999999999999,0.8353999999999999,0.8378,0.8378,0.009774294967170704,0.8573485899343414,0.8182514100656586,0.8281444262846083,0.8325886960654699,0.8362470946761686,0.8437593429526153,-0.004438116751736887,-0.002987149357095643,-0.0029019347892824876,37.80487804878049
2025-05-26,0.823,0.49,0.8276,0.8325999999999999,0.8371000000000001,0.8371000000000001,0.01032064869442223,0.8577412973888445,0.8164587026111556,0.8264296175230722,0.8308452967808391,0.8349854666117715,0.8430787087574476,-0.004953361589315475,-0.00338039180353961,-0.00314593957155173,30.13698630136986
2025-05-27,0.815,-0.97,0.8238,0.8295,0.83635,0.83635,0.011356774004507988,0.859063548009016,0.8136364519909841,0.8226197450153815,0.8279643337297774,0.8330820888392219,0.842158095355564,-0.005938771515175523,-0.0038920677458667927,-0.00409340753861746,27.160493827160494
2025-05-28,0.812,-0.37,0.8194000000000001,0.8261,0.83535,0.83535,0.012575142564850298,0.8605002851297007,0.8101997148702994,0.8190798300102544,0.8250617275970906,0.8310742708545341,0.8411693053439061,-0.006882454260334403,-0.004490145048760315,-0.004784618423148175,22.500000000000043
2025-05-29,0.828,1.97,0.8193999999999999,0.8257999999999999,0.8352499999999999,0.8352499999999999,0.01262776806548898,0.8605055361309779,0.809994463869022,0.8220532200068362,0.8255959589430741,0.8307814831541023,0.8407375248408272,-0.006267021034913833,-0.004845520245991019,-0.0028430015778456285,41.97530864197528
2025-05-30,0.82,-0.97,0.8196,0.8244999999999999,0.8346,0.8346,0.013076294340683981,0.860752588681368,0.8084474113186321,0.8213688133378909,0.8245785118625151,0.829754675234664,0.8400576059935869,-0.006351601601494061,-0.005146736517091627,-0.002409730168804868,30.379746835442987
2025-06-03,0.824,0.49,0.8198000000000001,0.8237,0.83385,0.83385,0.013239792493205881,0.8603295849864118,0.8073704150135882,0.822245875558594,0.8244733278875123,0.8292066109266008,0.8395311271085513,-0.0060263971838404595,-0.005322668650441394,-0.0014074570667981304,35.89743589743587
2025-06-04,0.828,0.49,0.8224,0.8230999999999999,0.8326499999999999,0.8326499999999999,0.01257932723495985,0.8578086544699196,0.8074913455300802,0.8241639170390627,0.8251145409988736,0.8290916956002579,0.8391530573672873,-0.005383842187857257,-0.005334903357924568,-9.787765986537904e-05,39.02439024390241
2025-06-05,0.837,1.09,0.8273999999999999,0.8234,0.8318999999999999,0.8318999999999999,0.011787147326866445,0.8554742946537327,0.808325705346267,0.8284426113593752,0.8272755335445329,0.8298448674478524,0.8390824653224581,-0.0041011128640771055,-0.005088145259155076,0.0019740647901559417,53.94736842105264
2025-06-06,0.835,-0.24,0.8287999999999999,0.8240999999999999,0.8308500000000001,0.8308500000000001,0.010378494972525047,0.8516069899450501,0.81009301005495,0.8306284075729169,0.8286799819909815,0.8303358324528188,0.8389486140004103,-0.0032089333327498526,-0.004712302873874032,0.0030067390822483588,51.31578947368422
2025-06-09,0.84,0.6,0.8328,0.8262,0.8308,0.8308,0.010329314442018702,0.8514586288840373,0.8101413711159626,0.8337522717152779,0.8307381670835302,0.8312562293620741,0.838983085672528,-0.002074502835752723,-0.00418474286624977,0.004220480060994094,55.00000000000002
2025-06-10,0.829,-1.31,0.8337999999999999,0.8267999999999999,0.8296999999999999,0.8296999999999999,0.009171466048221192,0.8480429320964422,0.8113570679035575,0.8321681811435186,0.8304221367047064,0.8310413503752099,0.8386557713881828,-0.002039555832854756,-0.0037557054595707675,0.0034322992534320234,47.191011235955045
2025-06-11,0.831,0.24,0.8343999999999999,0.8284,0.8289500000000001,0.8289500000000001,0.008344396165595819,0.8456387923311917,0.8122612076688085,0.8317787874290126,0.8305272027583961,0.8310374122442375,0.8384047624902096,-0.001829388741320992,-0.003370442115920813,0.003082106749199642,48.35164835164834
2025-06-12,0.83,-0.12,0.833,0.8301999999999999,0.8281499999999999,0.8281499999999999,0.007328926107877278,0.8428078522157545,0.8134921477842454,0.8311858582860084,0.8304313477114149,0.8309386110781197,0.838129196506924,-0.0017236522594490378,-0.003041084144626458,0.00263486377035484,51.16279069767442
2025-06-13,0.824,-0.72,0.8308,0.8298,0.8278000000000001,0.8278000000000001,0.007352765322973722,0.8425055306459476,0.8130944693540526,0.8287905721906723,0.8292620117638849,0.8302777909754416,0.8376659441624347,-0.0020998000043133125,-0.002852827316563829,0.001506054624501033,53.0120481927711
2025-06-16,0.828,0.49,0.8283999999999999,0.8305999999999999,0.8275499999999999,0.8275499999999999,0.007250952750464003,0.8420519055009279,0.8130480944990719,0.828527048127115,0.8290325550795421,0.8300608585015901,0.8373490279603877,-0.002051484989556873,-0.002692558851162438,0.0012821477232111298,53.0120481927711
2025-06-17,0.824,-0.48,0.8274000000000001,0.8306000000000001,0.8271499999999999,0.8271499999999999,0.007213109410539156,0.8415762188210782,0.8127237811789216,0.8270180320847433,0.8281175450650798,0.829483633882391,0.8369113549125061,-0.0023093409182853852,-0.002615915264587028,0.0006131486926032855,55.69620253164559
2025-06-18,0.83,0.73,0.8271999999999998,0.8308,0.8269499999999999,0.8269499999999999,0.007067159036139813,0.8410843180722795,0.8128156819277202,0.8280120213898289,0.8284598095987016,0.8295328116078775,0.8366847531120961,-0.002006415040015419,-0.0024940152196727063,0.0009752003593145745,60.975609756097505
2025-06-19,0.825,-0.6,0.8262,0.8295999999999999,0.8264999999999999,0.8264999999999999,0.006878647357851042,0.840257294715702,0.8127427052842978,0.8270080142598859,0.8278307533080286,0.8291011152642701,0.8363016464526831,-0.0021450752204019707,-0.0024242272198185593,0.0005583039988331772,47.88732394366197
2025-06-20,0.817,-0.97,0.8248,0.8278000000000001,0.82595,0.82595,0.007185328619374859,0.8403206572387497,0.8115793427612502,0.8236720095065907,0.8258615254338415,0.8279486280962444,0.835668805585382,-0.0028674434503869195,-0.0025128704659322315,-0.0007091459689093759,47.88732394366197
2025-06-23,0.824,0.86,0.8239999999999998,0.8262,0.8261999999999998,0.8261999999999998,0.007015771706060963,0.8402315434121217,0.812168456587878,0.8237813396710605,0.8255230662640521,0.8275725682775544,0.8352862217956973,-0.0028423194886896264,-0.0025787602704837103,-0.000527118436411832,50.0
2025-06-24,0.837,1.58,0.8266,0.827,0.8269,0.8269,0.007369210484026222,0.8416384209680524,0.8121615790319475,0.8281875597807071,0.8276097814887698,0.8284704189177874,0.8353424112450187,-0.001753207330793649,-0.0024136496825456983,0.0013208847035040983,55.421686746987945
2025-06-25,0.854,2.03,0.8314,0.8292999999999999,0.8288499999999999,0.8288499999999999,0.009027880791134561,0.8469057615822689,0.8107942384177308,0.8367917065204714,0.8324080030362662,0.8309018075922838,0.8359541354664936,0.0004761905972535674,-0.001835681626585845,0.004623744447678825,59.34065934065934
2025-06-26,0.848,-0.7,0.836,0.8311,0.83065,0.83065,0.009080198235721003,0.848810396471442,0.812489603528558,0.8405278043469809,0.8352429115751269,0.8325302068692091,0.8363490818446413,0.0017388107335042369,-0.0011207831545678288,0.005719187776144131,56.8421052631579
2025-06-27,0.852,0.47,0.843,0.8339000000000001,0.83185,0.83185,0.010225226802271264,0.8523004536045425,0.8113995463954574,0.8443518695646539,0.8382896549251038,0.8343844728816654,0.836862226702194,0.0030273158461392446,-0.0002911633544264141,0.0066369584011313175,56.38297872340426
2025-06-30,0.868,1.88,0.8518000000000001,0.8379,0.8342499999999999,0.8342499999999999,0.012644428771097676,0.8595388575421953,0.8089611424578046,0.8522345797097693,0.8436915358478122,0.8375859516548402,0.837883137302122,0.00527868234924489,0.0008228057863078467,0.008911753125874087,69.6969696969697
2025-07-01,0.868,0.0,0.858,0.8423,0.8364499999999999,0.8364499999999999,0.014464020697469939,0.8653780413949398,0.80752195860506,0.857489719806513,0.8481112566027554,0.8404825276877126,0.838870575423364,0.0069824175599487726,0.0020547281410360323,0.00985537883782548,69.0721649484536
2025-07-02,0.852,-1.84,0.8576,0.8445,0.83765,0.83765,0.014719392865053485,0.867088785730107,0.8082112142698931,0.855659813204342,0.8488183008567999,0.8415794298126924,0.8393010483603027,0.006961327852552102,0.0030360480833392465,0.00785055953842571,59.82142857142857
2025-07-03,0.856,0.47,0.8592000000000001,0.8475999999999999,0.8385999999999999,0.8385999999999999,0.01527777884104193,0.8691555576820837,0.8080444423179161,0.8557732088028948,0.8501240643373817,0.8429528174495788,0.8398485549714403,0.007184561525075517,0.0038657507716865006,0.0066376215067780325,64.54545454545453
2025-07-04,0.858,0.23,0.8603999999999999,0.8516999999999999,0.8397499999999999,0.8397499999999999,0.015847546713674818,0.8714450934273495,0.8080549065726502,0.8565154725352633,0.8515560526396759,0.8443858824543808,0.8404436843166389,0.007437128516082914,0.004580026320565783,0.005714204391034261,63.888888888888886
2025-07-07,0.852,-0.7,0.8572,0.8545,0.8403499999999999,0.8403499999999999,0.016082926546987345,0.8725158530939746,0.8081841469060252,0.8550103150235089,0.8516367703415529,0.8451110365063447,0.8408225799128145,0.007071622557287216,0.00507834556791007,0.0039865539787542915,62.72727272727273
2025-07-08,0.866,1.64,0.8568,0.8573999999999999,0.8421999999999998,0.8421999999999998,0.016819787845210696,0.8758395756904213,0.8085604243095784,0.8586735433490059,0.8542482666430886,0.8471004616009785,0.8416480690960009,0.0078214783154128,0.005626972117410617,0.004389012396004366,65.25423728813558
2025-07-09,0.863,-0.35,0.859,0.8583000000000001,0.8438000000000001,0.8438000000000001,0.017215659945771046,0.8782313198915422,0.809368680108458,0.860115695566004,0.8558394908897997,0.8486147033532663,0.8423481324043287,0.00808052224767164,0.006117682143462822,0.003925680208417636,66.37931034482759
2025-07-10,0.862,-0.12,0.8602000000000001,0.8596999999999999,0.8453999999999999,0.8453999999999999,0.017352081628499546,0.880104163256999,0.8106958367430008,0.8607437970440027,0.8569595834552907,0.8498894935100981,0.8429924559320556,0.008111619092060485,0.006516469533182355,0.00319029911775626,70.64220183486239
2025-07-11,0.87,0.93,0.8626000000000001,0.8615,0.8477,0.8477,0.01741475478468,0.88252950956936,0.81287049043064,0.8638291980293351,0.8593305682816014,0.8518047798424697,0.8438779491801849,0.008681719251145137,0.006949519476774912,0.0034643995487404506,70.9090909090909
2025-07-14,0.867,-0.34,0.8655999999999999,0.8614,0.8496500000000001,0.8496500000000001,0.017275705484871253,0.8842014109697426,0.8150985890302577,0.8648861320195569,0.8607250104122193,0.8532519436669964,0.844636049207064,0.008790125709104313,0.007317640723240792,0.0029449699717270413,65.0
2025-07-15,0.881,1.61,0.8686,0.8626999999999999,0.8524999999999998,0.8524999999999998,0.017521415467935626,0.887542830935871,0.8174571690641286,0.8702574213463713,0.864411372155452,0.8558946156987111,0.8458283098887995,0.009891696287743557,0.007832451836141344,0.0041184889032044245,63.91752577319588
2025-07-16,0.882,0.11,0.8724000000000001,0.8657,0.8551,0.8551,0.01786174978167521,0.8908234995633504,0.8193765004366496,0.8741716142309142,0.8676093044908244,0.8583808427750242,0.8470142669416257,0.010721796356047864,0.008410320740122648,0.004622951231850431,68.47826086956522
2025-07-17,0.896,1.59,0.8792,0.8697000000000001,0.8586500000000001,0.8586500000000001,0.01860468248926425,0.8958593649785287,0.8214406350214716,0.8814477428206094,0.8727712491288563,0.8619636196535934,0.848620356550097,0.012366783060775766,0.009201613204253271,0.0063303397130449884,71.56862745098039
2025-07-18,0.898,0.22,0.8848,0.8737,0.8627,0.8627,0.017862339093600296,0.8984246781872006,0.8269753218127994,0.8869651618804064,0.8773582947417915,0.8653956558770607,0.8502393612533725,0.013674202466921304,0.010096131056786879,0.00715614282026885,67.04545454545455
2025-07-21,0.905,0.78,0.8924,0.8790000000000001,0.86675,0.86675,0.017808557966386116,0.9023671159327723,0.8311328840672277,0.8929767745869377,0.882384059334193,0.8691674981744835,0.8520347920319504,0.015101107101742839,0.011097126265778072,0.008007961671929534,69.47368421052632
2025-07-22,0.906,0.11,0.8974,0.883,0.8702,0.8702,0.018415096781546316,0.9070301935630926,0.8333698064369074,0.8973178497246252,0.886677866727976,0.8726753554911993,0.85380414311287,0.01612673201960302,0.012103047416543063,0.008047369206119911,83.75
2025-07-23,0.907,0.11,0.9024000000000001,0.8874000000000001,0.87285,0.87285,0.019727818990078444,0.9123056379801568,0.8333943620198432,0.9005452331497502,0.8903728000501621,0.8759443692539423,0.8555482695681856,0.016826275963572224,0.013047693125948895,0.007557165675246658,83.11688311688312
2025-07-24,0.919,1.32,0.907,0.8931000000000001,0.8764000000000001,0.8764000000000001,0.021342815874989988,0.91908563174998,0.8337143682500201,0.9066968220998336,0.8955777454955871,0.8800449055154717,0.8576286541725073,0.01813986422778069,0.014066127346315254,0.00814747376293087,85.05747126436782
2025-07-25,0.927,0.87,0.9128000000000001,0.8987999999999999,0.8801500000000001,0.8801500000000001,0.023326684516372233,0.9268033690327445,0.8334966309672557,0.9134645480665557,0.9012908826782076,0.884516819275903,0.8599031245275071,0.019600483360960763,0.015172998549244358,0.00885496962343281,92.13483146067415
2025-07-28,0.936,0.97,0.9189999999999999,0.9057000000000001,0.88355,0.88355,0.026236725967119682,0.9360234519342393,0.8310765480657606,0.9209763653777039,0.9076016312821698,0.8894199793448646,0.8623981040511953,0.021239424466888646,0.016386283732773215,0.009706281468230861,91.66666666666667
2025-07-29,0.949,1.39,0.9276,0.9125,0.8876000000000002,0.8876000000000002,0.029729305053220138,0.9470586101064404,0.8281413898935599,0.9303175769184693,0.9151286074126843,0.895094267026306,0.8652375104757463,0.023318487447693825,0.01777272447575734,0.01109152594387297,95.74468085106382
2025-07-30,0.94,-0.95,0.9342,0.9183,0.892,0.892,0.030680012351607576,0.9533600247032151,0.8306399752967849,0.9335450512789796,0.9196506787921962,0.8993710034999912,0.8676887396404759,0.02396369647883534,0.01901091887637294,0.009905555204924796,88.23529411764704
2025-07-31,0.94,0.0,0.9384,0.9227000000000001,0.8962,0.8962,0.031236955172057233,0.9586739103441144,0.8337260896558856,0.9356967008526531,0.9233505553754332,0.9032404317380873,0.8700596006358701,0.024196111571851087,0.02004795741546857,0.008296308312765031,87.23404255319147
2025-08-01,0.936,-0.43,0.9402000000000001,0.9265000000000001,0.9001000000000001,0.9001000000000001,0.031085450988492337,0.9622709019769848,0.8379290980230154,0.9357978005684355,0.9256504543980817,0.9063603906201743,0.8722215809428907,0.023783375686643016,0.02079504106970346,0.005976669233879114,86.31578947368429
2025-08-04,0.942,0.64,0.9414,0.9301999999999999,0.9046000000000001,0.9046000000000001,0.030259230866491748,0.9651184617329835,0.8440815382670166,0.937865200378957,0.9286230990529758,0.9097546391325386,0.8745093979611566,0.0236676039738829,0.021369553650539348,0.0045961006466871054,85.05747126436789
2025-08-05,0.941,-0.11,0.9398,0.9337,0.9083500000000001,0.9083500000000001,0.029868615812025615,0.9680872316240513,0.8486127683759489,0.9389101335859714,0.9308734446797073,0.9127303877865826,0.876689417700135,0.023227411276149135,0.021741125175661305,0.0029725722009756594,83.90804597701157
2025-08-06,0.946,0.53,0.9410000000000001,0.9376,0.9125,0.9125,0.028989108662611635,0.9704782173252232,0.8545217826747767,0.9412734223906476,0.933623727465215,0.9158989222830985,0.8789618958083273,0.023016691512669274,0.0219962384430629,0.0020409061392127475,82.05128205128212
2025-08-07,0.942,-0.42,0.9414,0.9399,0.9164999999999999,0.9164999999999999,0.02711282469898647,0.9707256493979728,0.862274350602027,0.9415156149270985,0.9351466861079031,0.9183847392085178,0.8810287188965787,0.02227021088301795,0.022051032931053913,0.00043835590392807267,77.50000000000004
2025-08-08,0.927,-1.59,0.9396000000000001,0.9399,0.91935,0.91935,0.024870771261824045,0.969091542523648,0.869608457476352,0.9366770766180657,0.9336654704519206,0.919205240236278,0.8825359740147237,0.0202349886132569,0.02168782406749451,-0.0029056709084752247,62.500000000000064
2025-08-11,0.935,0.86,0.9381999999999999,0.9398,0.9227500000000001,0.9227500000000001,0.021795400287315,0.9663408005746301,0.87915919942537,0.9361180510787105,0.933908112187935,0.9207095030709183,0.884256106014241,0.01904801972825021,0.02115986319964565,-0.004223686942790884,65.2631578947369
2025-08-12,0.938,0.32,0.9376,0.9387000000000001,0.9256,0.9256,0.019672048029737325,0.9649440960594746,0.8862559039405253,0.936745367385807,0.9346520917901286,0.9223562170641642,0.88601820089902,0.018140303140529945,0.02055595118782251,-0.00483129609458513,65.979381443299
2025-08-13,0.959,2.24,0.9402000000000001,0.9406000000000001,0.9294499999999999,0.9294499999999999,0.01816727827716864,0.9657845565543371,0.8931154434456626,0.9441635782572048,0.9390789841919234,0.9258461011532915,0.8884110467711832,0.018897615749688845,0.02022428410019578,-0.002653336701013871,68.86792452830193
2025-08-14,0.948,-1.15,0.9414,0.9414000000000001,0.9320499999999999,0.9320499999999999,0.016797477880859956,0.9656449557617198,0.89845504423828,0.9454423855048032,0.940700987066119,0.9279559962815495,0.8903647829426198,0.018398101517551946,0.019859047583667015,-0.002921892132230139,59.63302752293578
2025-08-15,0.968,2.11,0.9496,0.9446,0.9355499999999999,0.9355499999999999,0.01662108679707424,0.9687921735941484,0.9023078264058514,0.9529615903365355,0.9456644439631883,0.9317697109214018,0.8929101998953207,0.01939252083405374,0.01976574223374436,-0.0007464427993812417,63.33333333333335
2025-08-18,0.987,1.96,0.96,0.9490999999999999,0.93965,0.93965,0.018675272139215868,0.9770005442784317,0.9022994557215682,0.9643077268910237,0.9531799996062449,0.9370297384526969,0.8959951113741627,0.021466296414400676,0.020105853069875626,0.0027208866890501004,65.07936507936513
2025-08-19,0.982,-0.51,0.9688000000000001,0.9532,0.94345,0.94345,0.01919285777245729,0.9818357155449146,0.9050642844550855,0.9702051512606826,0.9584199996778366,0.941312620504821,0.8988149437881245,0.02244755880453686,0.020574194216807874,0.003746729175457972,67.21311475409843
2025-08-20,0.988,0.61,0.9746,0.9574,0.9475,0.9475,0.019637504397134083,0.9867750087942682,0.9082249912057319,0.9761367675071217,0.9637981815545935,0.9457590375996,0.9017390439917926,0.02343917396712758,0.021147190166871818,0.004583967600511524,68.75000000000007
2025-08-21,0.989,0.1,0.9827999999999999,0.9621000000000001,0.951,0.951,0.020509304691955367,0.9920186093839107,0.9099813906160892,0.9804245116714145,0.9683803303628491,0.9498772244948762,0.9046000589428813,0.024028739419674428,0.02172350001743234,0.004610478804484175,71.20000000000002
2025-08-22,1.025,3.64,0.9942,0.9719000000000001,0.9559,0.9559,0.02555880731918145,1.007017614638363,0.904782385361637,0.9952830077809431,0.978674815751422,0.9570317745429833,0.9085475979939344,0.027088612758055186,0.02279652256555691,0.008584180384996552,76.77419354838712
2025-08-25,1.042,1.66,1.0051999999999999,0.9826,0.9612,0.9612,0.031512069534003775,1.0242241390680076,0.8981758609319925,1.010855338520629,0.9901884856147998,0.9651239864912706,0.9129230865842972,0.030533372635612288,0.02434389257956799,0.012378960112088597,79.5321637426901
2025-08-26,1.034,-0.77,1.0155999999999998,0.9921999999999999,0.9654499999999999,0.9654499999999999,0.03528601184009111,1.036022023680182,0.8948779763198177,1.0185702256804192,0.9981542155030179,0.9716836068254353,0.9168928214503858,0.03224612327887644,0.02592433871942968,0.012643569118893513,75.28735632183911
2025-08-27,1.027,-0.68,1.0234,0.999,0.9698,0.9698,0.03728919696810888,1.0443783939362177,0.8952216060637822,1.0213801504536129,1.0033989035933781,0.9769518347468225,0.9205028928782419,0.03266214018423874,0.027271899012391493,0.010780482343694497,74.01129943502823
2025-08-28,1.064,3.6,1.0384,1.0106,0.976,0.976,0.042075120789770694,1.0601502415795414,0.8918497584204585,1.0355867669690753,1.0144172847582185,0.9852421361995061,0.9252077160625618,0.03556742818491587,0.02893100484689637,0.013272846676039007,84.42211055276377
2025-08-29,1.061,-0.28,1.0455999999999999,1.0199,0.98225,0.98225,0.04500277769205046,1.072255555384101,0.892244444615899,1.0440578446460502,1.0228868693476332,0.9924571708471722,0.9296599220932975,0.037199007921230876,0.03058460546176327,0.01322880491893521,82.47422680412362
2025-09-01,1.075,1.32,1.0522,1.0287,0.9888999999999999,0.9888999999999999,0.04843758870959741,1.0857751774191948,0.8920248225808051,1.0543718964307,1.0323619840116998,1.000318392671251,0.9344251705492549,0.03917019993206183,0.032301724355822986,0.013736951152477694,83.41463414634138
2025-09-02,1.048,-2.51,1.0550000000000002,1.0352999999999999,0.9942499999999999,0.9942499999999999,0.048776477290208516,1.0918029545804169,0.8966970454195828,1.0522479309538002,1.035205259645936,1.004859498131132,0.9381489354492794,0.03811435093847282,0.03346424967235295,0.009300202532239732,71.0900473933649
2025-09-03,1.045,-0.29,1.0586,1.041,0.9991999999999999,0.9991999999999999,0.04864544117765348,1.0964908823553068,0.901909117644693,1.0498319539692003,1.036986121528493,1.0086824030710242,0.9416522490411062,0.03661345100402591,0.034094089938687545,0.005038722130676729,73.89162561576347
2025-09-04,0.995,-4.78,1.0448,1.0415999999999999,1.0018500000000001,1.0018500000000001,0.04677299603291264,1.0953959920658254,0.9083040079341749,1.031554635979467,1.029352281250585,1.00737931706426,0.9434013556299224,0.031031680958473196,0.03348160814264468,-0.004899854368342962,55.793991416309005
2025-09-05,1.03,3.52,1.0386,1.0421,1.007,1.007,0.04366499260216927,1.0943299852043384,0.9196700147956614,1.0310364239863115,1.0294700482959331,1.0095336678200448,0.9462406554453349,0.029096884701034775,0.032604663454322697,-0.007015557506575842,58.63453815261043
2025-09-08,1.029,-0.1,1.0294,1.0408,1.0116999999999998,1.0116999999999998,0.04044762695531002,1.0925952539106198,0.9308047460893798,1.0303576159908743,1.0293845849693999,1.0113876042181358,0.9489540765782746,0.02716965817795869,0.03151766239904989,-0.008696008442182407,59.591836734693835
2025-09-09,1.013,-1.55,1.0224,1.0387,1.01545,1.01545,0.03654337725296835,1.0885367545059366,0.9423632454940633,1.0245717439939162,1.026405569520418,1.0115411657211704,0.9510539429199705,0.024073743857281116,0.030028878690696138,-0.011910269666830044,54.901960784313694
2025-09-10,1.02,0.69,1.0173999999999999,1.0379999999999998,1.0185,1.0185,0.03404408906110036,1.0865881781222007,0.9504118218777993,1.0230478293292775,1.0252409205167055,1.0123467689858208,0.9533144693816108,0.02193222985837684,0.02840954892423228,-0.012954638131710883,55.93869731800765
2025-09-11,1.058,3.73,1.0299999999999998,1.0373999999999999,1.024,1.024,0.030784480026897466,1.085568960053795,0.962431039946205,1.034698552886185,1.0311971167863954,1.016694695749076,0.9567467818609022,0.023035804590193942,0.027334800057424617,-0.008597990934461348,56.27376425855515
2025-09-12,1.056,-0.19,1.0352,1.0369,1.0284,1.0284,0.028568293061035095,1.0855365861220703,0.9712634138779298,1.0417990352574567,1.0357067319161417,1.0204380580586878,0.9600009857343152,0.023478368216658163,0.026563513689271328,-0.00617029094522633,52.82258064516128
2025-09-15,1.064,0.76,1.0422,1.0358,1.03225,1.03225,0.027875427775809005,1.0880008555516179,0.9764991444483819,1.0491993568383045,1.0408509624768432,1.0245868144340509,0.9634107894807311,0.024195722987059964,0.026089955548829057,-0.0037884651235381844,56.048387096774185
2025-09-16,1.074,0.94,1.0544,1.0384,1.0368499999999998,1.0368499999999998,0.026713440338843993,1.090276880677688,0.9834231193223119,1.057466237892203,1.0468780602083263,1.0292928321069983,0.9670366652354613,0.025279739140656066,0.025927912267194462,-0.0012963462530767925,59.36254980079682
2025-09-17,1.09,1.49,1.0684,1.0429,1.04195,1.04195,0.02663293370800284,1.0952158674160055,0.9886841325839942,1.0683108252614688,1.0547184128977214,1.035074467144427,0.9710682499818395,0.02711730462691353,0.026165790739138276,0.0019030277755505073,55.65217391304348
2025-09-18,1.099,0.83,1.0766000000000002,1.0533000000000001,1.04745,1.04745,0.026480330336628718,1.1004106606732573,0.9944893393267425,1.0785405501743126,1.0627696105526812,1.041162613130672,0.9752627335889923,0.02896591229133838,0.0267258150495783,0.004480194483520161,58.05084745762712
2025-09-19,1.085,-1.27,1.0824000000000003,1.0588,1.05045,1.05045,0.027192249282704965,1.10483449856541,0.9960655014345902,1.0806937001162085,1.0668114995431028,1.0453376023563223,0.978860676750009,0.02896734664618572,0.027174121368899785,0.0035864505545718725,52.118644067796616
2025-09-22,1.092,1.57,1.088,1.0651,1.0529499999999998,1.0529499999999998,0.028634677173703976,1.1102193543474077,0.9956806456525918,1.0844624667441392,1.0713912268989023,1.049781640227149,0.9825701627582054,0.029196762774386098,0.02757864964999705,0.003236226248778097,60.18518518518517
2025-09-23,1.091,-0.09,1.0914,1.0729,1.0558,1.0558,0.029473627819497285,1.1147472556389946,0.9968527443610055,1.086641644496093,1.0749564583718292,1.0537071983007538,0.9861252393890839,0.028964006034094103,0.027855720926816464,0.0022165702145552774,60.74766355140185
2025-09-24,1.11,1.74,1.0954000000000002,1.0819,1.05995,1.05995,0.031008445369135607,1.1219668907382712,0.9979331092617287,1.0944277629973953,1.081328011395133,1.0590684175102059,0.9901867069500976,0.02996724213746571,0.028278025168946317,0.003378433937038787,81.42076502732232
2025-09-25,1.115,0.45,1.0985999999999998,1.0876000000000001,1.0625,1.0625,0.03336638712048139,1.1292327742409627,0.9957672257590372,1.1012851753315969,1.0874501911414722,1.0643952348901864,0.9942789460664878,0.030810606695520715,0.0287845414742612,0.004052130442519029,77.77777777777769
2025-09-26,1.095,-1.79,1.1006,1.0915,1.0642,1.0642,0.03414304275282441,1.1324860855056489,0.9959139144943512,1.0991901168877312,1.0888228836612046,1.0673099744244543,0.9975812757036521,0.029524802782936677,0.028932593735996298,0.001184418093880757,69.18604651162788
2025-09-29,1.112,1.55,1.1046,1.0962999999999998,1.0660500000000002,1.0660500000000002,0.03572478868119353,1.1374995773623873,0.9946004226376131,1.1034600779251542,1.0930369048137127,1.071566167336411,1.001332709287139,0.029537066922274757,0.02905348837325199,0.0009671570980455332,78.61271676300576
2025-09-30,1.127,1.35,1.1118000000000001,1.1016,1.07,1.07,0.03792374620624833,1.1458474924124968,0.9941525075875034,1.1113067186167696,1.0992120130294012,1.0768455799710386,1.0054529483269048,0.030406652023781344,0.029324121103357862,0.0021650618408469643,79.55801104972372
2025-10-09,1.138,0.98,1.1174,1.1064,1.0746499999999999,1.0746499999999999,0.04032274400646206,1.155295488012924,0.9940045119870757,1.1202044790778465,1.1062643742967826,1.0826698104499872,1.0097987532997932,0.031618929216998604,0.02978308272608601,0.003671692981825188,75.9740259740259
2025-10-10,1.098,-3.51,1.114,1.1062999999999998,1.0798,1.0798,0.03595552808679281,1.1517110561735857,1.0078889438264145,1.1128029860518978,1.1047617607882767,1.0841298285023695,1.0126905974538982,0.02901750617217469,0.02962996741530375,-0.0012249224862581204,60.937500000000014
2025-10-13,1.097,-0.09,1.1143999999999998,1.1075000000000002,1.08315,1.08315,0.03414716602250572,1.1514443320450114,1.0148556679549887,1.1075353240345986,1.1033505315540446,1.0853555591211914,1.0154548401603278,0.026568898303185096,0.02901775359288002,-0.004897710579389848,58.9189189189189
2025-10-14,1.052,-4.1,1.1023999999999998,1.1035,1.0843,1.0843,0.03257881132528578,1.1494576226505715,1.0191423773494286,1.0890235493563991,1.094014071271491,1.0821788392048874,1.0166530421222844,0.020757950277017212,0.02736579292970746,-0.013215685305380497,44.99999999999999
2025-10-15,1.072,1.9,1.0914,1.1016000000000001,1.08725,1.08725,0.02815347973257977,1.1435569594651596,1.0309430405348405,1.083349032904266,1.0900115128584926,1.081209425947279,1.0184676964789308,0.01756409697700545,0.02540545373916706,-0.015682713524323218,45.982142857142854
2025-10-16,1.066,-0.56,1.077,1.0972,1.08955,1.08955,0.023932965593620282,1.1374159311872405,1.0416840688127595,1.0775660219361776,1.0856457832478577,1.0797609091903955,1.0200261326599493,0.014382997132528663,0.023200962417839383,-0.01763593057062144,42.53393665158372
2025-10-17,1.038,-2.63,1.065,1.0895,1.0885500000000001,1.0885500000000001,0.025675044201266536,1.1399000884025332,1.037199911597467,1.0643773479574516,1.0769829135664288,1.075783679743691,1.0206154397858527,0.00949315540671325,0.020459401015614158,-0.021932491217801817,40.00000000000002
2025-10-20,1.047,0.87,1.055,1.0847000000000002,1.0881,1.0881,0.02634567776395692,1.1407913555279139,1.0354086444720862,1.0585848986383013,1.071531474736169,1.0730423769109585,1.0214805073338575,0.006271847440257217,0.017621890300542772,-0.02270008572057111,40.506329113924004
2025-10-21,1.067,1.91,1.058,1.0802,1.08825,1.08825,0.02620942980162798,1.140668859603256,1.035831140396744,1.0613899324255343,1.0707075702386837,1.0724669124432482,1.022972949716354,0.0052719982079596495,0.015151911882026149,-0.019759827348133,45.31249999999999
2025-10-22,1.062,-0.47,1.056,1.0737,1.08765,1.08765,0.02668584288581615,1.1410216857716322,1.0342783142283678,1.0615932882836896,1.069124375649832,1.0714700636391294,1.02425252513549,0.004029700396809499,0.01292746958498282,-0.01779553837634664,40.08264462809915
2025-10-23,1.055,-0.66,1.0538,1.0654,1.0859,1.0859,0.027653685392540754,1.1412073707850816,1.0305926292149186,1.0593955255224599,1.0665563073498625,1.0699014861496885,1.0252606390654737,0.002452063075859323,0.01083238828315812,-0.016760650414597594,37.704918032786864
2025-10-24,1.089,3.22,1.064,1.0645000000000002,1.0854000000000001,1.0854000000000001,0.027494305630537598,1.1403886112610753,1.030411388738925,1.06926368368164,1.0706369787407966,1.0717203922306706,1.0273504541780811,0.003900329413281778,0.009445976509182852,-0.011091294191802149,48.83720930232558
2025-10-27,1.106,1.56,1.0758,1.0654,1.08645,1.08645,0.02787656061244098,1.142203121224882,1.0306968787751178,1.0815091224544267,1.0770666189697427,1.0749851167801305,1.0299291278115867,0.006346688174358794,0.008826118842218041,-0.004958861335718493,48.83720930232558
2025-10-28,1.107,0.09,1.0838,1.0709,1.0872000000000002,1.0872000000000002,0.028233239089304522,1.1436664781786092,1.030733521821391,1.0900060816362847,1.082509051884335,1.0780341532772608,1.0324560416538298,0.008270796170366745,0.008715054307847782,-0.0008885162749620729,45.901639344262286
2025-10-29,1.117,0.9,1.0948,1.0754000000000001,1.0885,1.0885,0.0290054441350901,1.1465108882701802,1.0304891117298198,1.09900405442419,1.0887801333599105,1.0817451862984742,1.0352279747143598,0.010481754900340201,0.009068394426346266,0.00282672094798787,45.67901234567902
2025-10-30,1.097,-1.79,1.1032,1.0785,1.08785,1.08785,0.02864166086040147,1.1451333217208028,1.0305666782791971,1.0983360362827934,1.0902746545671995,1.0831980256986196,1.037253287018807,0.01049909572980301,0.009354534687037615,0.0022891220855307884,49.775784753363205
2025-10-31,1.082,-1.37,1.1018,1.0829,1.0862,1.0862,0.02793714750160553,1.1420742950032112,1.0303257049967889,1.0928906908551959,1.0887701719186178,1.0830839280130369,1.0387203923624526,0.009196452838586389,0.00932291831734737,-0.00025293095752196293,46.8354430379747
2025-11-03,1.08,-0.18,1.0966,1.0862,1.08545,1.08545,0.027889773639891,1.141229547279782,1.029670452720218,1.088593793903464,1.0871755952061417,1.0827902205832238,1.0400738221210606,0.007911516637905791,0.009040637981459055,-0.0022582426871065285,57.21649484536083
2025-11-04,1.067,-1.2,1.0886,1.0862000000000003,1.0832,1.0832,0.02744679062822504,1.13809358125645,1.0283064187435498,1.0813958626023095,1.0835073051686612,1.0812863900514882,1.040956647625288,0.005777603470558557,0.008388031079278956,-0.005220855217440798,48.66310160427805
2025-11-05,1.063,-0.37,1.0778,1.0863,1.08,1.08,0.025749808379463623,1.1314996167589273,1.0285003832410728,1.0752639084015396,1.0797787042289047,1.0795448290942036,1.0416793804900326,0.003720804225821661,0.007454585708587497,-0.0074675629655316725,49.18918918918916
2025-11-06,1.086,2.16,1.0756000000000001,1.0894,1.0774000000000001,1.0774000000000001,0.021926672054111824,1.1212533441082237,1.0335466558917765,1.0788426056010265,1.0809098489145583,1.080159607275708,1.0431325155559332,0.00390170733349704,0.006744010033569406,-0.005684605400144732,63.33333333333333
2025-11-07,1.072,-1.29,1.0736,1.0877,1.0760999999999998,1.0760999999999998,0.0214056067421633,1.1189112134843264,1.0332887865156732,1.076561737067351,1.0792898763846386,1.0793825018208787,1.0440789904557388,0.0028821675194705687,0.0059716415307496384,-0.0061789480225581395,56.75675675675678
2025-11-10,1.062,-0.93,1.07,1.0833,1.0743500000000001,1.0743500000000001,0.021034495477670626,1.1164189909553415,1.0322810090446588,1.0717078247115674,1.0761462624965226,1.0777270254569855,1.0446665645391573,0.001252816753273489,0.005027876575254409,-0.00755011964396184,48.5714285714286
2025-11-11,1.047,-1.41,1.066,1.0773,1.0741,1.0741,0.021341582834805934,1.1167831656696119,1.0314168343303882,1.063471883141045,1.0708469420426092,1.0748006420801297,1.0447430706198406,-0.0012345984254082953,0.003775381575121868,-0.010019960001060327,45.94594594594592
2025-11-12,1.047,0.0,1.0628,1.0703,1.07285,1.07285,0.02218647050984804,1.117222941019696,1.028477058980304,1.0579812554273635,1.0665111343984983,1.072152961882022,1.044817068304436,-0.0031693584836300914,0.0023864335633714765,-0.011111584094003136,47.752808988764045
2025-11-13,1.055,0.76,1.0566,1.0661,1.0723,1.0723,0.022499356715953572,1.1172987134319072,1.0273012865680928,1.0569875036182423,1.0644182008714986,1.0705193464646865,1.0451509349174053,-0.004010901452508708,0.0011069665601954395,-0.010235736025408296,38.81578947368422
2025-11-14,1.034,-1.99,1.049,1.0613,1.0721,1.0721,0.02283556782510308,1.1177711356502062,1.0264288643497939,1.0493250024121616,1.0588876188948624,1.0670413134680496,1.044785330493884,-0.006299735385932204,-0.00037437382903008915,-0.011850723113804229,26.92307692307692
2025-11-17,1.035,0.1,1.0436,1.0568,1.0715,1.0715,0.023672102168011563,1.118844204336023,1.0241557956639769,1.044550001608108,1.0545444154594328,1.063989759804426,1.0444644999858876,-0.007941417409145224,-0.001887782545053116,-0.012107269728184215,26.92307692307692
2025-11-18,1.036,0.1,1.0413999999999999,1.0537,1.06995,1.06995,0.024962023787727897,1.1198740475754558,1.020025952424544,1.041700001072072,1.0511727035577176,1.0613240683944805,1.0441869753961863,-0.00905736295543269,-0.003321698627129031,-0.01147132865660732,22.448979591836803
2025-11-19,1.032,-0.39,1.0384,1.0506,1.06845,1.06845,0.026328841500092414,1.1211076830001847,1.015792316999815,1.0384666673813814,1.0476867574563145,1.0585312999759584,1.0437874024323768,-0.010147549774257136,-0.004686868856554652,-0.010921361835404968,25.190839694656546
2025-11-20,1.021,-1.07,1.0316,1.0440999999999998,1.06675,1.06675,0.028269148144969853,1.1232882962899398,1.0102117037100604,1.032644444920921,1.0428346197369844,1.0549568904544384,1.0430402744837743,-0.011763536030894528,-0.006102202291422628,-0.0113226674789438,25.984251968503955
2025-11-21,0.996,-2.45,1.0239999999999998,1.0365,1.0621,1.0621,0.03183989553011393,1.1257797910602279,0.9984202089397722,1.0204296299472806,1.03431923433026,1.0493419485063966,1.0414979704023393,-0.014889866733035939,-0.007859735179745291,-0.014060263106581296,22.000000000000043
2025-11-24,1.007,1.1,1.0184,1.031,1.05715,1.05715,0.03234725238474288,1.1218445047694858,0.9924554952305142,1.0159530866315205,1.0293521008156672,1.0453093819819779,1.0403668894055411,-0.01629209316083302,-0.009546206775962837,-0.013491772769740368,29.729729729729726
2025-11-25,1.016,0.89,1.0144,1.0278999999999998,1.0526,1.0526,0.031350984203473826,1.1153019684069476,0.9898980315930523,1.0159687244210138,1.0269244461219094,1.0425180122694087,1.039567974998802,-0.016487090012687222,-0.010934383423307714,-0.011105413178759016,34.64052287581704
2025-11-26,1.027,1.08,1.0134,1.0259,1.0481,1.0481,0.02788868852005361,1.1038773770401074,0.9923226229598928,1.0196458162806759,1.026938183190653,1.041040106338989,1.039155910244743,-0.015574485380804415,-0.011862403814807056,-0.007424163131994718,29.078014184397105
2025-11-27,1.022,-0.49,1.0135999999999998,1.0226000000000002,1.0443500000000001,1.0443500000000001,0.02594178705852048,1.096233574117041,0.9924664258829592,1.0204305441871173,1.0260403317014433,1.0392267628781329,1.0385934213842596,-0.0150808551378101,-0.012506094079407665,-0.0051495221168048715,31.06060606060602
2025-11-28,1.031,0.88,1.0206,1.0223,1.0417999999999998,1.0417999999999998,0.024513369069918554,1.0908267381398369,0.9927732618601627,1.0239536961247448,1.026942089573908,1.0384432616516441,1.03834445674871,-0.013804297481472272,-0.012765734759820587,-0.002077125443303369,38.167938931297634
2025-12-01,1.042,1.07,1.0276,1.023,1.0399,1.0399,0.022810200857468085,1.0855204017149362,0.9942795982850638,1.02996913074983,1.029679891469561,1.038781998637202,1.0384643106258014,-0.011769338662615203,-0.012566455540379513,0.0015942337555286193,48.03149606299216
2025-12-02,1.032,-0.96,1.0308,1.0226,1.0381500000000001,1.0381500000000001,0.021947964777966972,1.0820459295559341,0.9942540704440662,1.0306460871665535,1.0301017293841863,1.0381360940050874,1.0382523660151193,-0.010838594987868433,-0.012220883429877299,0.0027645768840177318,44.525547445255505
2025-12-03,1.022,-0.97,1.0298000000000003,1.0215999999999998,1.0360999999999998,1.0360999999999998,0.02141298179782127,1.0789259635956423,0.9932740364043573,1.0277640581110359,1.0286286876779707,1.0365993231474602,1.037719501555607,-0.010783583903803295,-0.011933423524662498,0.0022996792417184046,38.129496402877706
2025-12-04,1.035,1.27,1.0324,1.0230000000000001,1.03355,1.03355,0.017907584397330298,1.0693651687946606,0.9977348312053393,1.0301760387406906,1.0297871081001577,1.036447006657226,1.0376303375701774,-0.009580557169520887,-0.011462850253634176,0.003764586168226579,50.38167938931293
2025-12-05,1.042,0.68,1.0346,1.0276,1.0320500000000001,1.0320500000000001,0.01562883637114189,1.0633076727422839,1.0007923272577164,1.0341173591604604,1.032007633900129,1.0369758631660617,1.0377736051908273,-0.007970430159248032,-0.010764366234756947,0.005587872151017831,52.5547445255475
2025-12-08,1.058,1.54,1.0378,1.0327,1.03185,1.03185,0.015246311029233857,1.0623426220584677,1.0013573779415321,1.0420782394403072,1.03673351864556,1.0389781619121512,1.038436765676374,-0.005341750249099997,-0.009679843037625558,0.008676185577051122,57.23684210526317
2025-12-09,1.059,0.09,1.0432,1.0370000000000001,1.0324499999999999,1.0324499999999999,0.016086853082731924,1.0646237061654638,1.000276293834536,1.0477188262935382,1.0407819698009126,1.0408850036348034,1.0391109700804273,-0.003141596470504382,-0.008372193724201322,0.01046119450739388,59.06040268456374
2025-12-10,1.059,0.0,1.0505999999999998,1.0402,1.0330499999999998,1.0330499999999998,0.01686314885997936,1.0667762977199584,0.9993237022800411,1.0514792175290255,1.0440943389280193,1.0426102413838698,1.0397630694220528,-0.0013820275958722483,-0.006974160498535507,0.011184265805326518,63.76811594202903
2025-12-11,1.047,-1.13,1.0530000000000002,1.0427,1.0326499999999998,1.0326499999999998,0.01640370625643812,1.0654574125128762,0.9998425874871236,1.0499861450193504,1.0446226409411066,1.0430283136330252,1.0400003458344445,-0.0009449633482729869,-0.005768321068483003,0.009646715440420032,70.4
2025-12-12,1.06,1.24,1.0566,1.0455999999999999,1.03395,1.03395,0.017509320826051892,1.0689686416521038,0.9989313583478961,1.053324096679567,1.0474185244063599,1.0446446647155943,1.0406560722005282,0.00044527175566688726,-0.004525602503653025,0.009941748518639824,70.86614173228352
2025-12-15,1.043,-1.6,1.0535999999999999,1.0457,1.0343499999999999,1.0343499999999999,0.0176255645672963,1.0696011291345924,0.9990988708654073,1.0498827311197114,1.0466151563324761,1.0444880299807757,1.040732922292314,0.00017328761481438804,-0.0035858244799595426,0.007518224189547861,59.99999999999997
2025-12-16,1.027,-1.53,1.0471999999999997,1.0452,1.0338999999999998,1.0338999999999998,0.01769597040066448,1.0692919408013288,0.9985080591986708,1.0422551540798075,1.0430487642720259,1.04282250331594,1.040282662545025,-0.0013181334370193643,-0.003132286271371507,0.0036283056687042856,50.0
2025-12-17,1.051,2.34,1.0455999999999999,1.0481,1.03485,1.03485,0.01809412524609008,1.0710382504921803,0.9986617495078198,1.0451701027198717,1.0444944434952939,1.0436013125239456,1.0406340506583027,-0.0005570743358975783,-0.0026172438842767213,0.004120339096758286,59.11949685534587
2025-12-18,1.037,-1.33,1.0435999999999999,1.0483,1.03565,1.03565,0.017800872243564966,1.07125174448713,1.00004825551287,1.0424467351465811,1.0431318174052404,1.0429726160930937,1.0405149014563913,-0.0010712636517034024,-0.0023080478377620578,0.0024735683721173107,51.82926829268292
2025-12-19,1.039,0.19,1.0393999999999999,1.048,1.0377999999999998,1.0377999999999998,0.01516089151663227,1.0681217830332643,1.0074782169667353,1.0412978234310541,1.0423805778770148,1.0425942717032752,1.0404652325561816,-0.0013023662364324284,-0.002106911517496132,0.0016090905621274068,49.03225806451609
2025-12-22,1.061,2.12,1.043,1.0483,1.0405,1.0405,0.01416258971263973,1.0688251794252794,1.0121748205747205,1.047865215620703,1.045765927353921,1.0443471982077253,1.0411385036199134,0.0002863980203917649,-0.0016282496099185525,0.003829295260620635,58.68263473053888
2025-12-23,1.064,0.28,1.0504000000000002,1.0488,1.0429,1.0429,0.013856026619646808,1.0706120532392935,1.0151879467607063,1.0532434770804686,1.0490812132895717,1.0462188936165133,1.0418880608782768,0.0017672087854776475,-0.0009491579308393126,0.00543273343263392,63.124999999999986
2025-12-24,1.076,1.13,1.0554000000000001,1.0505,1.04535,1.04535,0.015166705224555993,1.075683410449112,1.015016589550888,1.0608289847203125,1.0539755381460132,1.0490551894625597,1.043006485111776,0.0038645139856390287,1.3576452456355755e-05,0.007701875066365346,62.8930817610063
2025-12-25,1.084,0.74,1.0648,1.0542,1.0484499999999999,1.0484499999999999,0.016426791338674952,1.0813035826773498,1.01559641732265,1.0685526564802084,1.0594345312103743,1.0523832666566015,1.0443505347802424,0.006101838413279603,0.0012312288446210053,0.009741219137317196,63.124999999999986
2025-12-26,1.079,-0.46,1.0728000000000002,1.0560999999999998,1.05085,1.05085,0.017229946390854973,1.08530989278171,1.0163901072182902,1.072035104320139,1.0629918891721244,1.0549181936416872,1.0454865828202344,0.007386330903160099,0.002462249256328824,0.00984816329366255,57.04697986577175
2025-12-29,1.08,0.09,1.0766000000000002,1.0597999999999999,1.05275,1.05275,0.01826666506595383,1.0892833301319078,1.0162166698680923,1.0746900695467594,1.0660842729590108,1.0573069371043835,1.0466181702687511,0.008388297031662884,0.003647458811395636,0.009481676440534496,57.04697986577182
2025-12-30,1.09,0.93,1.0818,1.0661,1.05565,1.05565,0.019369740372690212,1.0943894807453804,1.0169105192546195,1.0797933796978396,1.0704325869664633,1.0604205621420613,1.0480405253419067,0.009875440898362564,0.004893055228789022,0.009964771339147084,59.74842767295598
2025-12-31,1.083,-0.64,1.0832000000000002,1.0693,1.0587,1.0587,0.018578708810162152,1.0958574176203242,1.0215425823796758,1.080862253131893,1.0727175711543788,1.0625709847951983,1.0491867376257786,0.010369636909043578,0.005988371564839933,0.00876253068840729,61.688311688311636
2026-01-05,1.119,3.32,1.0902,1.0775,1.0629,1.0629,0.022100011907597673,1.1071000238151953,1.0186999761848046,1.0935748354212622,1.081132558217219,1.0679451767194652,1.0514756970478842,0.013510449887109255,0.007492787229293798,0.012035325315630913,66.66666666666659
2026-01-06,1.133,1.25,1.101,1.0869,1.0674499999999998,1.0674499999999998,0.02650019860899093,1.1204503972179816,1.014449602782018,1.1067165569475081,1.0905630021777246,1.0741408741747542,1.0541486250135275,0.016934044671780724,0.009381038717791184,0.01510601190797908,75.86206896551718
2026-01-07,1.153,1.77,1.1156,1.0961,1.0722,1.0722,0.03254244192306367,1.1372848838461274,1.0071151161538727,1.1221443712983388,1.1019151835999565,1.0816512671104919,1.0573896537016083,0.0210188093073862,0.011708592835710187,0.018620432943352024,85.3932584269662
2026-01-08,1.154,0.09,1.1283999999999998,1.1051,1.07695,1.07695,0.0371249313307914,1.151199862661583,1.0027001373384172,1.1327629141988926,1.1113851502181462,1.0885416226237783,1.0605572060392603,0.024059364969955865,0.014178747262559323,0.019761235414793084,83.2258064516128
2026-01-09,1.164,0.87,1.1446,1.1139000000000001,1.0821999999999998,1.0821999999999998,0.04160667962567883,1.1654133592513576,0.9989866407486422,1.143175276132595,1.1209514865421195,1.095728134754847,1.0639487730543664,0.026965106700231667,0.016736019150093793,0.020458175100275748,92.0529801324502
2026-01-12,1.183,1.63,1.1574,1.1238,1.089,1.089,0.046389654018975005,1.18177930803795,0.99622069196205,1.1564501840883967,1.1322330344435523,1.104039740968671,1.0678520919706167,0.030450059831356624,0.01947882728634636,0.021942465090020527,92.85714285714275
2026-01-13,1.162,-1.78,1.1632,1.1321,1.0941,1.0941,0.04858838934300642,1.191276778686013,0.9969232213139873,1.1583001227255978,1.13764520999927,1.1095597656383214,1.0709389086273178,0.031158213312080463,0.021814704491493184,0.018687017641174558,80.2395209580837
2026-01-14,1.168,0.52,1.1662000000000001,1.1409,1.1003500000000002,1.1003500000000002,0.04969620868733306,1.1997424173746662,1.000957582625334,1.1615334151503984,1.1431642627266754,1.1151255022441955,1.074121239491996,0.031836587539860295,0.02381908110116661,0.016035012877387372,80.5882352941175
2026-01-15,1.178,0.86,1.1709999999999998,1.1496999999999997,1.1079,1.1079,0.04943565727818887,1.2067713145563779,1.0090286854436223,1.1670222767669323,1.149498033140007,1.1211135496495102,1.0775271004922582,0.032802988002766265,0.02561586248148654,0.014374251042559447,80.3571428571427
2026-01-16,1.195,1.44,1.1771999999999998,1.1609,1.1151,1.1151,0.05116834959230406,1.2174366991846082,1.0127633008153918,1.1763481845112882,1.157771118023642,1.1281503544447948,1.0813786709679218,0.03454244149361552,0.027401178283912336,0.01428252641940636,81.3559322033897
2026-01-19,1.195,0.0,1.1796,1.1684999999999999,1.123,1.123,0.05067024456434743,1.2243404891286949,1.0216595108713051,1.1825654563408587,1.1645400056557071,1.1345169873548144,1.0851039604443835,0.035511615123271056,0.029023265651784085,0.012976698942973944,83.72093023255805
2026-01-20,1.176,-1.59,1.1824,1.1728,1.12985,1.12985,0.04790151629289158,1.2256530325857833,1.0340469674142168,1.1803769708939058,1.166623640991033,1.1384677504638798,1.0880841584626004,0.0343505789057843,0.03008872830258413,0.008523701206400343,75.26315789473672
2026-01-21,1.194,1.53,1.1876,1.1768999999999998,1.1365,1.1365,0.04706490479283014,1.2306298095856603,1.0423701904143399,1.1849179805959373,1.1716011608108452,1.1437565361339865,1.0915568090048102,0.034485372992872465,0.0309680572406418,0.007034631504461333,76.26262626262614
2026-01-22,1.193,-0.08,1.1905999999999999,1.1808,1.1429500000000001,1.1429500000000001,0.04541675438588328,1.2337835087717668,1.0521164912282335,1.1876119870639583,1.175491858845237,1.1484463898355117,1.0948828152669476,0.03411821311246732,0.0315980884150069,0.005040249394920843,78.6458333333333
2026-01-23,1.195,0.17,1.1905999999999999,1.1839,1.1489,1.1489,0.043955599607358294,1.2368111992147166,1.0609888007852835,1.190074658042639,1.1790387936006483,1.1528800669940344,1.0981653459139329,0.03360128485160896,0.03199872770232731,0.003205114298563294,74.05063291139237
